phrase,quote,reason
improvement and still,that is an improvement and still ,technical_term
favorite,this is my favorite.,not_role_like
great mounting bracket,this is a great mounting bracket ,not_role_like
new favorite,this is my new favorite.,not_role_like
best convenience item,alexa is the best convenience item ,not_role_like
best thing that,echo dot is the best thing that ,literal_function
programming issue or,it is a programming issue or ,non_role_pattern
poorly refurbished device,it is a poorly refurbished device.,technical_term
first amazon echo,this is my first amazon echo ,tautology
very good set,this is a very good set ,not_role_like
very good bundle,this is a very good bundle ,not_role_like
little bit in,it was a little bit in ,not_role_like
second echo dot,this is my second echo dot ,tautology
bomb,echo dot is the bomb.,not_role_like
one,this is the one to buy.,not_role_like
best choice,it is the best choice.,technical_term
second generation dot,"echo dot, the second generation dot,",tautology
best sounding echo,it is the best sounding echo ,tautology
large plug so,it is a large plug so ,not_role_like
gift,this was a gift.,technical_term
lot,echo dot is a lot of fun.,abstract_non_role
really smart girlfriend,like having a really smart girlfriend ,not_role_like
first experience with,this was my first experience with ,not_role_like
new favorite,this is my new favorite ,not_role_like
tiny speaker,it is a tiny speaker.,technical_term
choice,this is the choice.,technical_term
clock and dot,like having a clock and dot ,tautology
great deal and,it was a great deal and ,technical_term
bit larger than,it is a bit larger than ,non_role_pattern
perfect complement,echo dot is a perfect complement to ,non_role_pattern
snug fit,it was a snug fit to ,technical_term
sweet little speaker,this is a sweet little speaker.,technical_term
snap,it was a snap to connect ,not_role_like
huge upgrade for,this was a huge upgrade for ,technical_term
perfect holder,this is the perfect holder to ,non_role_pattern
great extension and,echo dot is a great extension and ,not_role_like
wonder,echo dot is a wonder!,abstract_non_role
amazing extension,this is an amazing extension of ,not_role_like
logical choice,this was a logical choice.,technical_term
perfect choice,it was the perfect choice.,technical_term
birthday gift and,echo dot was a birthday gift and ,technical_term
device that i,this was a device that i ,technical_term
absolute gem,alexa is an absolute gem.,not_role_like
upgrade from an,this is an upgrade from an ,technical_term
great,this is a great ,standalone_adjective
great little,echo dot is a great little tool ,not_role_like
simple little things,it is the simple little things ,not_role_like
very versatile device,echo dot is a very versatile device ,technical_term
option,that was an option.,technical_term
third product,this is my third product of ,technical_term
second echo dot,this is our second echo dot ,tautology
essential device for,has become an essential device for ,technical_term
new favorite electronic, become my new favorite electronic ,not_role_like
echo issue or,this is an echo issue or ,tautology
decent inexpensive bluetooth,this is a decent inexpensive bluetooth ,literal_function
improvement over the,this is an improvement over the ,technical_term
one that responded,that was the one that responded.,not_role_like
pretty big room,it is a pretty big room ,not_role_like
far lesser device,echo dot is a far lesser device.,technical_term
ongoing issue with,this is an ongoing issue with ,not_role_like
defective unit and,it was a defective unit and ,not_role_like
lot,it is a lot ,abstract_non_role
oversight,this is an oversight in the ,not_role_like
silly idea and,it was a silly idea and ,not_role_like
little,it is a little too small ,standalone_adjective
perfect pairing,this is the perfect pairing!,not_role_like
great addition,this is a great addition to ,technical_term
handy device for,this is a handy device for ,technical_term
perfect cord,this is the perfect cord to ,not_role_like
ideal alexa enabled,echo dot is the ideal alexa enabled ,tautology
worthwhile upgrade before,this is a worthwhile upgrade before ,technical_term
newest addition,this is the newest addition to ,technical_term
echo,it is a  echo ,tautology
first thing from,this is the first thing from ,not_role_like
little over priced,it is a little over priced ,not_role_like
great way,this was a great way to ,not_role_like
second,this is my second ,ordinal_number
decent device with,echo dot is a decent device with ,technical_term
echo dot on,it is basically an echo dot on ,tautology
third echo dot,this is the third echo dot ,tautology
must have in,echo dot is a must have in ,not_role_like
best purchase in,it was my best purchase in ,technical_term
analog vs digital,it was an analog vs digital ,not_role_like
perfectly fine,this was a perfectly fine ,not_role_like
great price and,it was a great price and ,not_role_like
second order because,this is my second order because ,not_role_like
deciding factor for,that was the deciding factor for ,incomplete_phrase_for
second echo dot,this is our second echo dot ,tautology
perfect solution,this was the perfect solution.,not_role_like
best alexa is,echo dot is the best alexa is ,tautology
second purchase,this is my second purchase of ,technical_term
great purchase,it was a great purchase.,technical_term
great purchase for,this was a great purchase for ,technical_term
wonderful product and,this is a wonderful product and ,technical_term
great audio enhancement,this is a great audio enhancement ,technical_term
great idea as,this is a great idea as ,not_role_like
best,alexa is the best.,standalone_adjective
great little,echo dot is a great little tool ,not_role_like
wyze cloud lag,that is the wyze cloud lag ,not_role_like
echo dot with,it is an echo dot with ,tautology
perfect addition,it is a perfect addition to ,technical_term
second one,this is my second one ,not_role_like
lifeline,alexa is my lifeline.,not_role_like
great help,echo dot is a great help.,not_role_like
first time having,this is our first time having ,not_role_like
first smart,echo dot is my first smart ,not_role_like
big help,alexa is a big help.,not_role_like
exceptional speaker with,this is an exceptional speaker with ,technical_term
happy win for,it is a happy win for ,incomplete_phrase_for
christmas present for,this was a christmas present for ,technical_term
incredible little device,it is an incredible little device ,technical_term
great way,echo dot is a great way to ,not_role_like
pretty,this is a pretty ,standalone_adjective
definite buy for,echo dot is a definite buy for ,technical_term
amazing deal,this is an amazing deal.,technical_term
first echo dot,this is my first echo dot ,tautology
work space,it is my work space.,not_role_like
huge downgrade from,this is a huge downgrade from ,technical_term
pain,it is a pain to use ,not_role_like
second alexa,this is my second alexa ,tautology
tight fit in,it was a tight fit in ,technical_term
extra set,like having an extra set of ,not_role_like
introduction,echo dot is my introduction to the ,not_role_like
great investment,echo dot is a great investment!,product_description
simple alarm clock,it is a simple alarm clock ,technical_term
cube,it is a cube.,not_role_like
match made in,this is a match made in ,technical_term
perfect addition in,this is the perfect addition in ,technical_term
best thing since,it was the best thing since ,not_role_like
advise,that is my advise.,not_role_like
second echo,this is my second echo ,tautology
handy set up,it is a handy set up.,not_role_like
great device and,this is a great device and ,technical_term
great deal it,this is a great deal it ,technical_term
wonderful addition,she is a wonderful addition to ,technical_term
lot more bet,this is a lot more bet,not_role_like
second echo dot,this is my second echo dot.,tautology
nice size and,echo dot is a nice size and ,not_role_like
best technology next,this is the best technology next ,not_role_like
wise purchase,it was a wise purchase!,technical_term
good value and,it was a good value and ,not_role_like
gift and i,echo dot was a gift and i ,technical_term
only way,this is the only way to ,not_role_like
very useful, become a very useful tool ,not_role_like
integral part,have become an integral part of ,not_role_like
second echo dot,this is my second echo dot.,tautology
very nice accessory,this is a very nice accessory ,technical_term
very expensive light,it is a very expensive light ,not_role_like
very practical purchase,this was a very practical purchase ,technical_term
favorite feature because,this is my favorite feature because ,not_role_like
waste,this was a waste of money.,abstract_non_role
must have product,this is a must have product ,technical_term
second echo dot,this is my second echo dot.,tautology
great addition,echo dot is a great addition to ,technical_term
way,this is the way to ,abstract_non_role
great echo dot,this is a great echo dot ,tautology
perfect fit for,this is a perfect fit for ,technical_term
product defect,it is a product defect.,technical_term
newest discovery i,that is the newest discovery i ,not_role_like
bit,it is a bit ,abstract_non_role
very quiet speaker,this is a very quiet speaker.,technical_term
great alexa device,echo dot is a great alexa device.,tautology
great speaker,it is a great speaker.,technical_term
addition,this is an addition to our ,technical_term
vinyl holder which,this is a vinyl holder which ,not_role_like
length,echo dot is the length of the ,not_role_like
big deal for,this was a big deal for ,technical_term
great addition for,this is a great addition for ,technical_term
great addition,echo dot is a great addition.,technical_term
perfect size,alexa is the perfect size.,not_role_like
great asset,this is a great asset to ,not_role_like
perfect device for,it is the perfect device for ,technical_term
great addition,echo dot is a great addition to ,technical_term
excellent product,echo dot is an excellent product.,technical_term
great stuff and,it is a great stuff and ,not_role_like
first ever alexa,this is my first ever alexa ,tautology
lot,it is a lot of fun ,abstract_non_role
great deal,this was a great deal.,technical_term
awesome product and,it is an awesome product and ,technical_term
best gift for,this is the best gift for ,technical_term
soft light on,it is a soft light on ,not_role_like
only reason,this is the only reason ,not_role_like
great,echo dot is a great tool to ,standalone_adjective
little louder,it was a little louder.,abstract_non_role
great service,alexa is a great service.,not_role_like
second time i,this is the second time i ,not_role_like
great decision since,echo dot was a great decision since ,not_role_like
perfect compliment,echo dot is a perfect compliment to ,non_role_pattern
go,has become my go to for ,abstract_non_role
alarm clock,it is my alarm clock.,technical_term
easy,echo dot was an easy ,standalone_adjective
first echo,this is my first echo ,tautology
first time buying,this is my first time buying ,not_role_like
product you should,this is a product you should ,technical_term
nice case,it is a nice case.,not_role_like
really nice accessory,echo dot is a really nice accessory!,technical_term
best technology purchase,it is the best technology purchase ,technical_term
second echo dot,this is my second echo dot.,tautology
good source,alexa is a good source of ,not_role_like
second echo dot,this is our second echo dot ,tautology
first echo dot,this is my first echo dot ,tautology
great way,echo dot is a great way to ,not_role_like
great gadget,echo dot is a great gadget.,technical_term
amazing voice recognition,echo dot is an amazing voice recognition ,product_description
awesome little product,this is an awesome little product.,technical_term
perfect way,echo dot is the perfect way to ,not_role_like
excellent buy,it was an excellent buy.,technical_term
only way,this is the only way to ,not_role_like
response,that was my response when after ,not_role_like
very cute,alexa is a very cute ,not_role_like
wonderful electronics,she is a wonderful electronics to ,not_role_like
size  you are,this is the size  you are ,not_role_like
perfect mount for,this is a perfect mount for ,incomplete_phrase_for
first time using,this was my first time using ,not_role_like
xmas,this was an xmas ,not_role_like
good asset,she is a good asset to ,not_role_like
very nice,it is a very nice ,not_role_like
little smaller than,it was a little smaller than ,not_role_like
one you want,this is the one you want.,non_role_pattern
fantastic deal,this is a fantastic deal.,technical_term
mono output was,it was a mono output was ,not_role_like
welcome addition,she is a welcome addition.,technical_term
main part, become a main part of ,not_role_like
little,it feels a little ,standalone_adjective
slight lag in,this is a slight lag in ,not_role_like
better experience,echo dot is a better experience.,not_role_like
bit confusing,it was a bit confusing to ,not_role_like
bad-ass little speaker,this is a bad-ass little speaker ,technical_term
cool item for,it is a cool item for ,incomplete_phrase_for
actual voice remote,it was an actual voice remote ,product_description
second one i,this is the second one i ,not_role_like
great product,echo dot is a great product.,technical_term
personal purchase,it was a personal purchase.,technical_term
reason for the,this was the reason for the ,not_role_like
good quality device,it is a good quality device.,technical_term
versatile mount that,echo dot is a versatile mount that ,not_role_like
two step process,it is a two step process ,not_role_like
hassle while driving,it was a hassle while driving.,not_role_like
well made mount,this is a well made mount ,not_role_like
coolest gift,this is the coolest gift!,technical_term
great product,echo dot is a great product!,technical_term
recipe book my,she's my recipe book my ,not_role_like
everything,she's my everything.,not_role_like
good speaker and,this was a good speaker and ,technical_term
great item for,echo dot is a great item for ,incomplete_phrase_for
opinion and only,this is my opinion and only ,not_role_like
face while it,turns into a face while it ,not_role_like
great protective sleeve,this is a great protective sleeve ,not_role_like
main source for,has become my main source for ,incomplete_phrase_for
very good product,this is a very good product ,technical_term
nice upgrade from,this was a nice upgrade from ,technical_term
great looking stand,this is a great looking stand ,not_role_like
five-star rating from,it is a five-star rating from ,not_role_like
little bit larger,it is a little bit larger ,non_role_pattern
echo dot in,like having an echo dot in ,tautology
themed echo dot,this is basically a themed echo dot ,tautology
incredible device,echo dot is an incredible device.,technical_term
best echo dot,this is the best echo dot ,tautology
third echo product,this is the third echo product ,tautology
great add on,it is a great add on ,not_role_like
ticket in,this is the ticket in.,not_role_like
minus was i,that was a minus was i ,not_role_like
wealth,she is a wealth of information ,not_role_like
great addition,alexa is a great addition to ,technical_term
obvious flaw in,this is an obvious flaw in ,not_role_like
great addition,echo dot is a great addition to ,technical_term
cute and fun,this is a cute and fun ,not_role_like
lot louder which,it was a lot louder which ,non_role_pattern
gift and it,it was a gift and it ,technical_term
solid product that,echo dot is a solid product that ,technical_term
first echo dot,this is my first echo dot.,tautology
first time having,this is my first time having ,not_role_like
easy,this is an easy ,standalone_adjective
great match with,this is a great match with ,technical_term
way better bargain,this is a way better bargain ,technical_term
streaming device,like having a streaming device.,technical_term
one i purchased,this is the one i purchased ,not_role_like
christmas gift from,this was a christmas gift from ,technical_term
free add on,this was a free add on ,not_role_like
third,this is my third ,ordinal_number
much needed add,this is a much needed add ,not_role_like
opinion that if,it is my opinion that if ,not_role_like
wonder,echo dot is a wonder.,abstract_non_role
fantastic item for,this is a fantastic item for ,incomplete_phrase_for
definite improvement,echo dot is a definite improvement.,technical_term
great product,this is a great product.,technical_term
third one i,this is the third one i ,not_role_like
gift for my,this is a gift for my ,technical_term
amazing add on,echo dot is an amazing add on ,not_role_like
well thought out,this is a well thought out ,not_role_like
great product that,this is a great product that ,technical_term
good thing since,that is a good thing since ,not_role_like
excellent mate for,this is an excellent mate for ,incomplete_phrase_for
bargain if you,echo dot is a bargain if you ,technical_term
wall mount,this is the wall mount to ,not_role_like
very,this is my very ,not_role_like
reasonably priced echo,this is a reasonably priced echo ,tautology
good purchase,echo dot was a good purchase.,technical_term
good purchase,it is a good purchase.,technical_term
excellent smart speaker,echo dot is an excellent smart speaker ,technical_term
enjoyable addition,alexa is an enjoyable addition to ,technical_term
essential part, become an essential part of ,not_role_like
easiest echo dot,this was the easiest echo dot ,tautology
most central place,it is the most central place.,not_role_like
amazing and very,it is an amazing and very ,not_role_like
second echo dot,this was my second echo dot ,tautology
big quality,this is a big quality of ,not_role_like
widespread problem,this is a widespread problem.,not_role_like
number,it is the number ,abstract_non_role
number,it is the number ,abstract_non_role
great echo dot,this is a great echo dot ,tautology
perfect add,echo dot was a perfect add to ,not_role_like
great resource for,echo dot is a great resource for ,incomplete_phrase_for
gift from my,echo dot was a gift from my ,technical_term
lot,echo dot is a lot of fun ,abstract_non_role
waste,this is a waste of money.,abstract_non_role
birthday gift,this was a birthday gift.,technical_term
first portable small,this is my first portable small ,not_role_like
fail,that was a fail.,not_role_like
christmas gift and,echo dot was a christmas gift and ,technical_term
great product for,this is a great product for ,technical_term
first ai,alexa was the first ai to ,not_role_like
new bff,alexa is my new bff!,not_role_like
gift from my,this was a gift from my ,technical_term
best thing i,this is the best thing i ,not_role_like
great steal,it was a great steal.,not_role_like
good,it was a good ,standalone_adjective
joke that,it is a joke that ,not_role_like
great feature,echo dot is a great feature to ,not_role_like
awesome device,this is an awesome device.,technical_term
great,it is a great tool to ,standalone_adjective
nice design,it is a nice design.,not_role_like
good,this is a good ,standalone_adjective
middle,this is the middle of ,not_role_like
great piece,echo dot is a great piece of ,not_role_like
great addition,this is a great addition to ,technical_term
stocking stuffer gift,this was a stocking stuffer gift ,technical_term
first impressions look,this is a first impressions look.,not_role_like
handy unit,this is a handy unit to ,not_role_like
great device with,this is a great device with ,technical_term
standard,this was a standard ,not_role_like
standalone device and,echo dot is a standalone device and ,technical_term
real live alexa,like having a real live alexa in our ,tautology
most useful electronic,echo dot is the most useful electronic ,not_role_like
truth,echo dot is the truth.,not_role_like
third echo dot,this is my third echo dot.,tautology
amazing little speaker,it is an amazing little speaker ,technical_term
amazing little speaker,it is an amazing little speaker.,technical_term
good purchase,echo dot was a good purchase.,technical_term
first alexa device,this is our first alexa device.,tautology
prime day,echo dot was a prime day ,not_role_like
amazing home device,this is an amazing home device.,technical_term
bit bigger,it is a bit bigger.,non_role_pattern
second echo,this is our second echo ,tautology
intuitive way,echo dot is an intuitive way of ,not_role_like
ball shape,it is a ball shape.,not_role_like
nice echo dot,this is a nice echo dot.,tautology
welcomed,it is a welcomed ,not_role_like
waste,echo dot is a waste of ,abstract_non_role
christmas gift and,echo dot was a christmas gift and ,technical_term
jewel,alexa is a jewel!,not_role_like
first alexa that,this is my first alexa that ,tautology
game changer love,echo dot is a game changer love ,not_role_like
first amazon smart,this is the first amazon smart ,tautology
good buy,echo dot  was a good buy!,technical_term
excellent piece,echo dot  is an excellent piece of ,not_role_like
fourth echo dot,this is the fourth echo dot ,tautology
practical home for,it is a practical home for ,incomplete_phrase_for
great addition,echo dot is a great addition to ,technical_term
rewarding purchase,this was a rewarding purchase.,technical_term
great way,it is a great way to ,not_role_like
addition for my,echo dot was an addition for my ,technical_term
second echo dot,this is our second echo dot.,tautology
wired connection and,this is a wired connection and ,not_role_like
echo is better,it seems the echo is better ,tautology
best purchase i,this is the best purchase i ,technical_term
great resource,echo dot is a great resource to ,not_role_like
satisfying but,this was a satisfying but,not_role_like
second one so,this is my second one so ,not_role_like
internet through the,that is my internet through the ,not_role_like
second echo dot,this is my second echo dot ,tautology
most sensibly amazing,this is the most sensibly amazing ,not_role_like
great addition,it is a great addition to ,technical_term
inexpensive item that,it was an inexpensive item that ,not_role_like
excellent device,echo dot is an excellent device.,technical_term
really cute holder,this is a really cute holder ,non_role_pattern
first echo purchase,it was my first echo purchase ,tautology
great item,this is a great item to ,not_role_like
great speaker,this is a great speaker to ,technical_term
nice addition in,echo dot is a nice addition in ,technical_term
must have,echo dot is a must have,not_role_like
second one,this is my second one.,not_role_like
same,alexa is the same.,not_role_like
gift from sirius,it was a gift from sirius ,technical_term
best choice,this is the best choice.,technical_term
mike for alexa,it was a mike for alexa.,tautology
understanding that speaker,it is my understanding that speaker ,technical_term
first,this is my first ,ordinal_number
cute,this is a cute ,not_role_like
timer,it is my timer when needed ,technical_term
new gadget everyday,it's like a new gadget everyday ,technical_term
awesome,echo dot is the awesome!,standalone_adjective
product the entire,this is a product the entire ,technical_term
cheap and easy,this is a cheap and easy ,not_role_like
same as the,this is the same as the ,not_role_like
ball shape instead,that is a ball shape instead ,not_role_like
really great product,this is a really great product.,technical_term
greatest duo since,echo dot is the greatest duo since ,not_role_like
christmas gift for,this was a christmas gift for ,technical_term
fun,echo dot is a fun toy.,not_role_like
amazing little hockey,echo dot  is an amazing little hockey ,not_role_like
outstanding way,this is an outstanding way to ,not_role_like
good unit,this is a good unit to ,not_role_like
welcomed addition,echo dot is a welcomed addition to ,technical_term
great invention,echo dot is a great invention.,not_role_like
way,echo dot is the way to go.,abstract_non_role
garage sale buy,it was a garage sale buy.,technical_term
great speaker for,this is a great speaker for ,technical_term
stylistic review on,this is a stylistic review on ,not_role_like
free feature,this is a free feature!,not_role_like
great addition,echo dot is a great addition to ,technical_term
little larger hard,this was a little larger hard ,not_role_like
gift for my,this was a gift for my ,technical_term
perfect match for,this is a perfect match for ,technical_term
second echo dot,this is my second echo dot ,tautology
lot nicer,it is a lot nicer to ,abstract_non_role
major drawback,that is a major drawback.,not_role_like
most thoughtful gift,this was a most thoughtful gift.,technical_term
new favorite,echo dot is my new favorite ,not_role_like
very cheaply made,this is a very cheaply made ,not_role_like
second echo,this is my second echo ,tautology
third echo dot,this is my third echo dot.,tautology
charcoal color,it is a charcoal color.,non_role_pattern
bomb,alexa is the bomb.,not_role_like
wonderful gadget,echo dot is a wonderful gadget!,technical_term
known issue that,it was a known issue that ,not_role_like
first experience with,it was my first experience with ,not_role_like
big improvement in,this is a big improvement in ,technical_term
first alexa product,this is my first alexa product.,tautology
great addition as,echo dot is a great addition as ,technical_term
first one and,this is my first one and ,not_role_like
nice edition, become an nice edition to ,not_role_like
great value for,this was a great value for ,incomplete_phrase_for
free product due,this was a free product due ,technical_term
plus,it is a plus to have ,not_role_like
great value,it is a great value.,not_role_like
great little speaker,this is a great little speaker.,technical_term
second and used,this is our second and used ,not_role_like
favorite,echo dot is my favorite!,not_role_like
best,this is the best of the ,standalone_adjective
third echo dot,this is my third echo dot ,tautology
little tricky,it was a little tricky!,not_role_like
great addition,echo dot is a great addition to ,technical_term
christmas present purchase,this was a christmas present purchase.,technical_term
neat device,it is a neat device.,technical_term
nice little case,this is a nice little case ,not_role_like
tad bit louder,it is a tad bit louder ,non_role_pattern
second echo,this is my second echo.,tautology
good add on,echo dot is a good add on ,not_role_like
future and,this is the future and ,not_role_like
great idea,this is a great idea to ,not_role_like
must have,echo dot is a must have.,not_role_like
scaled back version,this is a scaled back version ,technical_term
first purchase,this is my first purchase of ,technical_term
best,this is the best ,standalone_adjective
closest thing,this is the closest thing to ,not_role_like
second echo dot,this is my second echo dot.,tautology
great way,this is a great way to ,not_role_like
nightlight,it's like a nightlight.,not_role_like
gift for my,this was a gift for my ,technical_term
replacement product,this is a replacement product.,technical_term
one,this is the one.,not_role_like
cable or the,it was the cable or the ,not_role_like
great cable and,this is a great cable and ,not_role_like
machine cause it,this is a machine cause it ,technical_term
welcome addition,this is a welcome addition to ,technical_term
great gift,it is a great gift.,technical_term
second echo dot,this is my second echo dot ,tautology
good,echo dot is a good ,standalone_adjective
quickest and simplest,echo dot is the quickest and simplest ,not_role_like
gift for christmas,it was a gift for christmas.,technical_term
third generation,it was the third generation ,technical_term
new,alexa is my new ,standalone_adjective
nice little speaker,it is a nice little speaker ,technical_term
cute little,this is a cute little ,not_role_like
expensive music player,it is basically an expensive music player.,technical_term
cutest little stand,this is the cutest little stand ,not_role_like
real joy,this was a real joy.,not_role_like
great gizmo,this is a great gizmo.,not_role_like
inexpensive way,this is a inexpensive way to ,not_role_like
second dot i,this is the second dot i ,tautology
heavy-duty wall-mount bracket,this is a heavy-duty wall-mount bracket ,not_role_like
good solution for,this is a good solution for ,incomplete_phrase_for
nice addition,echo dot is a nice addition to ,technical_term
first echo dot,this is my first echo dot ,tautology
best thing i,it was the best thing i ,not_role_like
fun little tech-y,this is a fun little tech-y ,not_role_like
terrific buy,it was a terrific buy.,technical_term
convenience,it is a convenience to be ,not_role_like
great device that,it is a great device that ,technical_term
gift,this was a gift.,technical_term
fun stand for,this is a fun stand for ,incomplete_phrase_for
smart home trial,this was a smart home trial ,not_role_like
only light,this is the only light ,not_role_like
replacement upgrade from,this was a replacement upgrade from ,technical_term
echo dot,it is an echo dot ,tautology
harmony desktop app,that is the harmony desktop app ,not_role_like
weird issue,it was a weird issue ,not_role_like
outstanding manual that,it is an outstanding manual that ,not_role_like
brilliant device that,echo dot is a brilliant device that ,technical_term
pretty good deal,it is a pretty good deal.,technical_term
reason i could,this is the reason i could ,not_role_like
only power supplies,it seems the only power supplies ,not_role_like
little further away,that was a little further away ,not_role_like
interesting and entertaining,it is an interesting and entertaining ,not_role_like
amazing little dot,this is an amazing little dot ,tautology
fun little device,echo dot is a fun little device.,technical_term
second echo device,this is the second echo device ,tautology
third echo dot,this is my third echo dot.,tautology
nice feature because,that is a nice feature because ,not_role_like
great fitting cable,this is a great fitting cable ,not_role_like
great fitting cable,this is a great fitting cable ,not_role_like
excellent purchase,this was an excellent purchase.,technical_term
great introduction,echo dot is a great introduction to ,not_role_like
pretty simple device,this is a pretty simple device ,technical_term
major problem for,this is a major problem for ,incomplete_phrase_for
really fancy alarm,like having a really fancy alarm ,technical_term
really fancy alarm,it's like having a really fancy alarm ,technical_term
great companion for,this is a great companion for ,incomplete_phrase_for
great addition,this is a great addition to ,technical_term
great way,echo dot is a great way to ,not_role_like
good purchase,it seems a good purchase.,technical_term
little deft compared,shes a little deft compared ,not_role_like
good replacement for,shes a good replacement for ,technical_term
first one and,this was my first one and ,not_role_like
live person talking,like having a live person talking ,not_role_like
live person talking,it is like having a live person talking ,not_role_like
replacement from my,this is a replacement from my ,technical_term
great product,this is a great product.,technical_term
clever and useful,echo dot is a clever and useful ,not_role_like
second echo dot,this is my second echo dot.,tautology
first echo dot,this is my first echo dot ,tautology
smartest woman i,alexa is the smartest woman i ,not_role_like
must-have,this is a must-have in a ,not_role_like
little difficult figuring,it was a little difficult figuring ,not_role_like
first device,this was my first device of ,technical_term
great addition,this was a great addition.,technical_term
great product for,this is a great product for ,technical_term
additional echo dot,this is an additional echo dot ,tautology
addition for my,echo dot was an addition for my ,technical_term
same quality,it was the same quality.,not_role_like
all around stereo,like having an all around stereo ,not_role_like
second purchase,this was my second purchase.,technical_term
only thing it,it is the only thing it ,not_role_like
echo with a,this is a echo with a ,tautology
little hard,alexa is a little hard to ,not_role_like
echo dot has,it's like my echo dot has ,tautology
great invention,echo dot is a great invention!,not_role_like
great gadget,this is a great gadget.,technical_term
great fit on,echo dot is a great fit on ,technical_term
big disappointment,that was a big disappointment.,non_role_pattern
display,like having a display to go ,not_role_like
fourth echo product,this is the fourth echo product ,tautology
big part,has become a big part of ,not_role_like
excellent speaker that,this is an excellent speaker that ,technical_term
tiny bit loose,it is a tiny bit loose ,not_role_like
great value,this is a great value!,not_role_like
third dot,this is my third dot.,tautology
great product,echo dot is a great product.,technical_term
best echo dot,this is the best echo dot ,tautology
good value,it was a good value.,not_role_like
blast,it is a blast!,not_role_like
waste,it seems like a waste of money ,abstract_non_role
moana echo dot,it was a moana echo dot.,tautology
best product,this is the best product ,technical_term
gift ands my,it was a gift ands my ,technical_term
best sounding echo,this is the best sounding echo ,tautology
bit bulky for,it is a bit bulky for ,incomplete_phrase_for
echo dot in,like having an echo dot in ,tautology
sound is good,"it, the sound is good,",not_role_like
lot,alexa is a lot of fun ,abstract_non_role
clever and effective,this is a clever and effective ,not_role_like
third echo dot,this is my third echo dot ,tautology
life saver love,she is a life saver love ,not_role_like
very nice product,this is a very nice product.,technical_term
second,this is my second.,ordinal_number
breeze,it was a breeze to connect ,not_role_like
pain,it was a pain to plug ,not_role_like
replacement,this is the replacement.,technical_term
perfect size and,echo dot was the perfect size and ,not_role_like
great addition,echo dot is a great addition to ,technical_term
inexpensive and satisfactory,it is an inexpensive and satisfactory ,not_role_like
great little product,this is a great little product!,technical_term
ticket,this is the ticket.,not_role_like
perfect,this is the perfect tool for ,standalone_adjective
gift and they,this was a gift and they ,technical_term
way,echo dot is the way to go.,abstract_non_role
funny device,this is a funny device!,technical_term
first expierence with,this is my first expierence with ,not_role_like
decent deal,it was a decent deal.,technical_term
very stupid idea,that was a very stupid idea ,not_role_like
cool feature,this is a cool feature.,not_role_like
only way,it is the only way to ,not_role_like
software glitch,it is a software glitch.,not_role_like
waste,echo dot is a waste of your ,abstract_non_role
second echo dot,this is my second echo dot ,tautology
case,that is the case.,not_role_like
timer,alexa is my timer.,technical_term
first foray into,this is my first foray into ,not_role_like
christmas present and,echo dot was a christmas present and ,technical_term
fountain,alexa is a fountain of knowledge ,not_role_like
best thing u,it was the best thing u ,not_role_like
designed limitation on,this is a designed limitation on ,literal_function
nightmare,turn into a nightmare.,abstract_non_role
great invention,this is a great invention!,not_role_like
nice addition,this was a nice addition to ,technical_term
only reason i,that is the only reason i ,not_role_like
well built items,it was a well built items ,not_role_like
metal holder for,this is a metal holder for ,incomplete_phrase_for
wonderful purchase for,this was a wonderful purchase for ,technical_term
wife,it was my wife ,not_role_like
device for you,this is the device for you.,technical_term
bomb,alexa is the bomb!,not_role_like
perfect idea and,it was a perfect idea and ,not_role_like
amazon,it was an amazon ,tautology
biggest problem,that was the biggest problem.,not_role_like
great speaker and,it is a great speaker and ,technical_term
speaker dock built,this is a speaker dock built ,technical_term
best echo dot,this is the best echo dot ,tautology
second echo dot,this was my second echo dot.,tautology
great way,this is a great way to ,not_role_like
initial,this is my initial ,not_role_like
great addition,echo dot is a great addition to ,technical_term
great deal for,it was a great deal for ,technical_term
well worth purchase,it was a well worth purchase ,technical_term
second,this is our second ,ordinal_number
lot,it is a lot of fun ,abstract_non_role
definite step up,it is a definite step up.,not_role_like
first echo dot,this was my first echo dot ,tautology
second echo,this is my second echo ,tautology
fifth echo dot,this is my fifth echo dot ,tautology
alarm,it is an alarm ,technical_term
great device and,echo dot is a great device and ,technical_term
second one,this is the second one ,not_role_like
great base for,this is a great base for ,incomplete_phrase_for
minor,this is a minor ,abstract_non_role
lot,echo dot is a lot of fun.,abstract_non_role
very easy set,it was a very easy set ,not_role_like
best mount i,this is the best mount i ,not_role_like
second time returning,this is the second time returning ,not_role_like
wonderful product,this is a wonderful product!,technical_term
running joke now,it's like a running joke now.,not_role_like
wonderful option if,this is a wonderful option if ,technical_term
great value,echo dot is a great value.,not_role_like
great speaker,this is a great speaker.,technical_term
bad idea,that is a bad idea.,not_role_like
breeze,this was a breeze to set ,not_role_like
first review i,this is the first review i ,not_role_like
great device,echo dot is a great device.,technical_term
second echo dot,this is my second echo dot.,tautology
great little speaker,this is a great little speaker ,technical_term
first tablet and,this is my first tablet and ,not_role_like
cheaper fix than,this was a cheaper fix than ,not_role_like
christmas present,it was a christmas present.,technical_term
nice addition,echo dot is a nice addition to ,technical_term
great addition,echo dot is a great addition to ,technical_term
nice product,this is a nice product.,technical_term
no-brainer,it was a no-brainer.,non_role_pattern
nice,it is a nice ,standalone_adjective
bit complicated,it is a bit complicated to ,not_role_like
second echo dot,this is the second echo dot ,tautology
best investment i,this is the best investment i ,product_description
investment,it is an investment.,product_description
wonderful addition,it is a wonderful addition to ,technical_term
internet,that is my internet.,not_role_like
must have,this is a must have.,not_role_like
wonderful investment,it is a wonderful investment.,product_description
third one purchased,this was the third one purchased ,not_role_like
ideal buy and,echo dot is an ideal buy and ,technical_term
third acquisition alexa,this is our third acquisition alexa ,tautology
next best things,this is the next best things.,literal_function
perfect fit for,it is a perfect fit for ,technical_term
wonderful device,echo dot is a wonderful device.,technical_term
second,this is our second.,ordinal_number
great solution for,echo dot is a great solution for ,incomplete_phrase_for
great,this is a great ,standalone_adjective
very good first,this is a very good first ,not_role_like
reason for the,this is the reason for the ,not_role_like
third echo dot,this is my third echo dot.,tautology
new bff,alexa is my new bff.,not_role_like
fact that you,it is really the fact that you ,not_role_like
best value for,echo dot is the best value for ,incomplete_phrase_for
second purchase,this is my second purchase of ,technical_term
second echo dot,this is my second echo dot.,tautology
cool product,echo dot is a cool product.,technical_term
christmas gift for,this was a christmas gift for ,technical_term
wonderful gadget,it is a wonderful gadget.,technical_term
pretty big upgrade,this was a pretty big upgrade ,technical_term
great cable for,this is a great cable for ,incomplete_phrase_for
first foray into,this is my first foray into ,not_role_like
must,alexa is a must.,abstract_non_role
cleanest most compact,this is the cleanest most compact ,not_role_like
great,alexa is a great ,standalone_adjective
load,echo dot is a load of fun ,not_role_like
third echo in,this is my third echo in ,tautology
perfect echo dot,this is the perfect echo dot ,tautology
perfect size for,echo dot is the perfect size for ,incomplete_phrase_for
second echo dot,this is my second echo dot.,tautology
wonderful way,echo dot is a wonderful way to ,not_role_like
little chatty but,she is a little chatty but ,not_role_like
third echo dot,this is our third echo dot ,tautology
great,echo dot is a great ,standalone_adjective
third echo dot,this is our third echo dot.,tautology
great gift,echo dot is a great gift to ,technical_term
much better voice,echo dot is the much better voice ,non_role_pattern
alarm clock and,alexa is our alarm clock and ,technical_term
personal secretary,like having a personal secretary.,not_role_like
cute echo dot,this is a cute echo dot ,tautology
great stand at,this is a great stand at ,not_role_like
great,this is a great ,standalone_adjective
nice-looking little unit,this is a nice-looking little unit ,not_role_like
nice little addition,it is a nice little addition ,technical_term
issue with many,this is an issue with many ,not_role_like
closest i will,echo dot is the closest i will ,not_role_like
home intercom system,like having a home intercom system.,not_role_like
home intercom system,it's like having a home intercom system.,not_role_like
solid purchase,this is a solid purchase to ,technical_term
closest one yo,this is the closest one yo ,not_role_like
second set,this is the second set of ,not_role_like
second time buying,this is my second time buying ,not_role_like
coolest little thing,it is the coolest little thing ,not_role_like
huge improvement in,this is a huge improvement in ,technical_term
great purchase and,it is a great purchase and ,technical_term
nice addition,this is a nice addition to ,technical_term
second time i,this is the second time i ,not_role_like
excellent starting point,echo dot is an excellent starting point!,not_role_like
first bluetooth speaker,this was my first bluetooth speaker.,technical_term
perfect addition,it was a perfect addition to ,technical_term
weak product,this is a weak product.,technical_term
third echo dot,this is my third echo dot ,tautology
second echo,this is our second echo ,tautology
gift from my,it was a gift from my ,technical_term
choice,that was my choice.,technical_term
third echo dot,this is my third echo dot.,tautology
alexa program that,it is the alexa program that ,tautology
bing search,it is the bing search ,not_role_like
best gift i,it was the best gift i ,technical_term
amazing product -,echo dot is an amazing product - ,technical_term
really nice speaker,this is a really nice speaker!,technical_term
little weird having,it was a little weird having ,not_role_like
handy,this is a handy ,standalone_adjective
great product and,this is a great product and ,technical_term
smart,she is a smart ,standalone_adjective
speaker for my,it was a speaker for my ,technical_term
primary device,echo dot is my primary device.,technical_term
second echo dot,this is our second echo dot.,tautology
second,this is my second ,ordinal_number
perfect stand for,it is a perfect stand for ,incomplete_phrase_for
best echo dot,this is the best echo dot ,tautology
second echo dot,this is my second echo dot ,tautology
best mount i,this is the best mount i ,not_role_like
really sad oversight,this is a really sad oversight ,not_role_like
gift for my,this was a gift for my ,technical_term
new best tech,echo dot is my new best tech ,not_role_like
great addition,this is a great addition to ,technical_term
breeze,it was a breeze!,not_role_like
great,this was a great ,standalone_adjective
only one that,this was the only one that ,not_role_like
software problem and,this is a software problem and ,non_role_pattern
poor quality device,it is a poor quality device ,technical_term
christmas gift,this was a christmas gift.,technical_term
gift from my,it was a gift from my ,technical_term
search engine sometimes,it is the search engine sometimes ,not_role_like
best,echo dot is the best.,standalone_adjective
fourth echo dot,this is my fourth echo dot.,tautology
worse echo dot,this is the worse echo dot ,tautology
great product,it is a great product.,technical_term
second echo dot,this is my second echo dot!,tautology
first echo dot,this is my first echo dot.,tautology
pretty nice,echo dot is a pretty nice ,not_role_like
very convenient way,echo dot is a very convenient way ,not_role_like
waste,it is a waste of money ,abstract_non_role
second one,this is my second one.,not_role_like
greatest,alexa is the greatest!,not_role_like
perfect size alexa,echo dot is the perfect size alexa ,tautology
wonderful invention,this is a wonderful invention.,not_role_like
great addition,this is a great addition to ,technical_term
must if you,this is a must if you ,not_role_like
first alexa device,this is my first alexa device.,tautology
not wireless device,it is a not wireless device.,technical_term
bargain at,echo dot is a bargain at ,technical_term
perfect add,it was the perfect add to ,not_role_like
first use,this was our first use of ,not_role_like
second echo dot,this is my second echo dot ,tautology
replacement echo dot,this was a replacement echo dot ,tautology
ex,this feels like my ex.,not_role_like
best echo dot,this is the best echo dot ,tautology
great,echo dot is a great ,standalone_adjective
much better deal,this is a much better deal ,technical_term
wonderful addition,echo dot is a wonderful addition!,technical_term
huge upgrade,it was a huge upgrade!,technical_term
real,she is a real ,not_role_like
great night light,it is a great night light ,not_role_like
suggested purchased for,this was a suggested purchased for ,incomplete_phrase_for
perfect fix for,this is the perfect fix for ,incomplete_phrase_for
acceptable addition,it is an acceptable addition to ,technical_term
portable speaker and,this is a portable speaker and ,technical_term
best gift ever,that was the best gift ever.,technical_term
main reason i,that is the main reason i ,not_role_like
available,it is an available ,not_role_like
huge convenience in,it is a huge convenience in ,not_role_like
great alternative,this is a great alternative to ,technical_term
fun device,it is a fun device.,technical_term
second echo dot,this is my second echo dot!,tautology
one,this was the one to buy ,not_role_like
most expensive and,this is the most expensive and ,not_role_like
great product that,this is a great product that ,technical_term
perfect economical answer,echo dot is the perfect economical answer.,non_role_pattern
second one i,this is the second one i ,not_role_like
well crafted piece,it is a well crafted piece ,not_role_like
result,echo dot is the result of pure ,not_role_like
perfect solution for,it was a perfect solution for ,incomplete_phrase_for
huge step for,this was a huge step for ,incomplete_phrase_for
best thing i,this is the best thing i ,not_role_like
genius,alexa is a genius.,not_role_like
great product,echo dot is a great product.,technical_term
fun,it is a fun toy and ,not_role_like
more attractive part,it is a more attractive part ,not_role_like
very useful,echo dot is a very useful tool ,not_role_like
real,shes a real ,not_role_like
second echo dot,it is my second echo dot ,tautology
whole reason why,that is the whole reason why ,not_role_like
same unit that,it was the same unit that ,not_role_like
fine product,echo dot is a fine product.,technical_term
great little inexpensive,this is a great little inexpensive ,not_role_like
name it responds,alexa is the name it responds ,not_role_like
wonderful addition,echo dot is a wonderful addition to ,technical_term
good way,this is a good way to ,not_role_like
great outer body,this is a great outer body ,not_role_like
gift from my,this was a gift from my ,technical_term
second echo dot,this is my second echo dot.,tautology
good value,it is a good value.,not_role_like
little slower,echo dot is a little slower to ,abstract_non_role
pandora,it was my pandora ,not_role_like
great,it was a great ,standalone_adjective
small speaker and,it is a small speaker and ,technical_term
cable for you,this is the cable for you!,not_role_like
no,it is a no ,not_role_like
case,this feels like a case of false ,not_role_like
product for you,this is the product for you.,technical_term
great value and,it is a great value and ,not_role_like
color i really,that was the color i really ,not_role_like
best,alexa is the best!,standalone_adjective
great value,echo dot is a great value.,not_role_like
great help,it is a great help.,not_role_like
problem with the,it was a problem with the ,not_role_like
great purchase,she is a great purchase.,technical_term
essential item for,this is an essential item for ,incomplete_phrase_for
same as the,it is the same as the ,not_role_like
perfect size,it is the perfect size to ,not_role_like
little,alexa is a little ,standalone_adjective
bit tinny sounding,it is a bit tinny sounding ,not_role_like
unit looks good,"that, the unit looks good,",not_role_like
amazing piece,echo dot is an amazing piece of ,not_role_like
way,this is the way to go.,abstract_non_role
perfect,this is almost the perfect toy except ,standalone_adjective
excellent product,echo dot is an excellent product,technical_term
same thing as,echo dot is basically the same thing as ,not_role_like
real woman i,alexa was a real woman i ,not_role_like
gift so since,this was a gift so since ,technical_term
step up from,it is a step up from ,not_role_like
nice upgrade from,it is a nice upgrade from ,technical_term
utter disappointment due,turned into an utter disappointment due ,not_role_like
great speaker,it is a great speaker!,technical_term
essential,has become an essential tool especially ,not_role_like
perfect speaker for,it is the perfect speaker for ,technical_term
speaker and how,it is a speaker and how ,technical_term
super good deal,this is a super good deal ,technical_term
second echo dot,this is my second echo dot ,tautology
bundled deal including,this was a bundled deal including ,technical_term
necessity,this is a necessity in the ,not_role_like
basic echo,this is a basic echo ,tautology
perfect supplement,it is a perfect supplement to ,non_role_pattern
great device,this is a great device.,technical_term
best the echo,this is the best the echo ,tautology
waste,it was a waste of money ,abstract_non_role
must and,this is a must and ,not_role_like
thing we never,echo dot is the thing we never ,non_role_pattern
step above the,this is a step above the ,not_role_like
great addition,it is a great addition to ,technical_term
cool little device,it is a cool little device.,technical_term
first experience with,echo dot was my first experience with ,not_role_like
great value,this is a great value ,not_role_like
second echo dot,this is my second echo dot.,tautology
great product and,echo dot is a great product and ,technical_term
great gift,echo dot was a great gift.,technical_term
really great gift,echo dot was a really great gift ,technical_term
little bit bigger,it is a little bit bigger ,non_role_pattern
senior citizen and,alexa is a senior citizen and ,not_role_like
great improvement over,echo dot is a great improvement over ,technical_term
great small smart,echo dot is a great small smart ,not_role_like
best echo dot,this is the best echo dot ,tautology
first echo dot,this is my first echo dot ,tautology
perfect replacement for,it was a perfect replacement for ,technical_term
bit louder but,it was a bit louder but ,non_role_pattern
third echo,this is my third echo ,tautology
huge improvement over,this is a huge improvement over ,technical_term
second echo dot,this is my second echo dot,tautology
best solution,this is the best solution ,not_role_like
christmas present for,this was a christmas present for ,technical_term
hassle,it was a hassle to set ,not_role_like
very cool thing,echo dot is a very cool thing ,not_role_like
best echo dot,this is the best echo dot ,tautology
only thing about,it is the only thing about ,not_role_like
good value,echo dot is a good value.,not_role_like
welcome addition,alexa is a welcome addition to ,technical_term
second echo dot,this is my second echo dot.,tautology
functional part, become a functional part of ,not_role_like
first,this is my first ,ordinal_number
fault for not,it is my fault for not ,not_role_like
awesome deal,it is an awesome deal.,technical_term
girlfriends name,alexa is my girlfriends name.,not_role_like
dot,it was the dot.,tautology
great product,this is a great product.,technical_term
good,this is a good ,standalone_adjective
tad bit hefty,it is a tad bit hefty ,not_role_like
upgrade,it is an upgrade in network ,technical_term
great item,it is a great item to ,not_role_like
second echo dot,this is my second echo dot.,tautology
an amazing product,echo dot is an an amazing product ,technical_term
best one yet,it is the best one yet!,not_role_like
best accessory for,this is the best accessory for ,technical_term
best at understanding,alexa is the best at understanding ,not_role_like
light eater,it is a light eater.,abstract_non_role
best clock we,it is the best clock we ,technical_term
gateway,has become a gateway to buying ,not_role_like
second echo dot,this is my second echo dot.,tautology
perfect companion for,echo dot is the perfect companion for ,incomplete_phrase_for
excellent way,this is an excellent way to ,not_role_like
great product,this is a great product.,technical_term
second echo dot,this is my second echo dot ,tautology
great,it is a great ,standalone_adjective
gift and,this was a gift and ,technical_term
problem that has,this is a problem that has ,not_role_like
best home automation,echo dot is the best home automation ,not_role_like
must have,this is a must have!,not_role_like
second echo dot,this is my second echo dot.,tautology
good product if,it is a good product if ,technical_term
suprised finding in,this was a suprised finding in ,not_role_like
right one for,echo dot is the right one for ,incomplete_phrase_for
great edition,it is a great edition to ,not_role_like
second echo dot,this is the second echo dot ,tautology
first,this is my first ,ordinal_number
breeze,it was a breeze.,not_role_like
better choice,this is the better choice.,technical_term
great desktop,it is a great desktop ,not_role_like
gift and i,echo dot was a gift and i ,technical_term
bit,that was a bit ,abstract_non_role
least,that is the least of my ,not_role_like
wonderful solution,this is a wonderful solution.,not_role_like
attractive and stylish,this is an attractive and stylish ,not_role_like
child version not,it is a child version not ,technical_term
retarded cousin,echo dot is the retarded cousin.,not_role_like
terrific product,echo dot is a terrific product.,technical_term
must have if,this is a must have if ,not_role_like
mistake buying this,it was a mistake buying this.,not_role_like
fourth third echo,this is my fourth third echo ,tautology
second dot,this is my second dot.,tautology
only way it,that is the only way it ,not_role_like
improvement,it is an improvement of the ,technical_term
excellent mount for,this is an excellent mount for ,incomplete_phrase_for
dot but instead,it was the dot but instead ,tautology
product for you,this is a product for you.,technical_term
issue specific,this is an issue specific to ,not_role_like
great product for,echo dot is a great product for ,technical_term
good,echo dot is a good ,standalone_adjective
second echo,this was my second echo ,tautology
third echo dot,this is our third echo dot.,tautology
brilliant piece,echo dot is a brilliant piece of ,not_role_like
new go-to gift,it is my new go-to gift.,technical_term
pretty darn good,it is a pretty darn good ,not_role_like
blast,alexa is a blast to talk ,not_role_like
great secondary device,echo dot is a great secondary device ,technical_term
perfect addition for,it was a perfect addition for ,technical_term
better,this is the better.,abstract_non_role
only echo dot,this is the only echo dot ,tautology
third one,this is my third one.,not_role_like
waste,it is a waste of money.,abstract_non_role
everything,alexa is my everything ,not_role_like
future sexual participante, become a future sexual participante ,not_role_like
pretty sweet deal,that was a pretty sweet deal ,technical_term
old model now,it is the old model now.,technical_term
best small smart,this is the best small smart ,not_role_like
perfect size,echo dot was the perfect size.,not_role_like
winner,it is a winner!,technical_term
second echo dot,this is my second echo dot ,tautology
nice accessory at,it is a nice accessory at ,technical_term
much less compelling,this is a much less compelling ,not_role_like
pain though,alexa is a pain though.,not_role_like
first time with,this is my first time with ,not_role_like
winner,this is a winner,technical_term
step back,this is a step back.,not_role_like
most frustrating thing,this is the most frustrating thing ,literal_function
second echo dot,this is my second echo dot.,tautology
lot shorter and,echo dot is a lot shorter and ,not_role_like
awesome gift,echo dot is an awesome gift.,technical_term
nice and soft,it is a nice and soft ,not_role_like
really amazing addon,this is a really amazing addon ,not_role_like
good product and,this is a good product and ,technical_term
little difficult,it was a little difficult to ,not_role_like
perfect match for,echo dot was the perfect match for ,technical_term
whole different game,alexa is a whole different game ,not_role_like
really good deal,this is a really good deal ,technical_term
must,echo dot is a must.,abstract_non_role
nice upgrade over,it was a nice upgrade over ,technical_term
voice recognition,it seems the voice recognition ,product_description
bomb,echo dot is the bomb!,not_role_like
great price,it was a great price!,not_role_like
good quality product,it is a good quality product.,technical_term
same deal,this is the same deal.,technical_term
better handler,alexa is a better handler.,product_description
perfect place,echo dot was the perfect place to ,not_role_like
great purchase -,echo dot was a great purchase - ,technical_term
amazing idea and,echo dot is an amazing idea and ,not_role_like
solid metal bracket,this is a solid metal bracket ,not_role_like
well made product,this is a well made product ,technical_term
second unit and,this is my second unit and ,not_role_like
third,this is our third ,ordinal_number
steal,it was a steal.,not_role_like
first echo product,echo dot was the first echo product ,tautology
favorite as a,that was a favorite as a ,not_role_like
great upgrade from,this is a great upgrade from ,technical_term
second person around,like having a second person around.,not_role_like
fine stereo system,like having a fine stereo system ,not_role_like
third one,this is my third one.,not_role_like
bit difficult,it was a bit difficult to ,not_role_like
lot,echo dot is a lot of fun ,abstract_non_role
nice feature,echo dot is a nice feature to ,not_role_like
birthday gift for,it was a birthday gift for ,technical_term
fun and useful,echo dot is a fun and useful ,not_role_like
second echo dot,this is my second echo dot ,tautology
very first experience,this is my very first experience ,not_role_like
waste,it is a waste of ,abstract_non_role
household name around,alexa is a household name around ,not_role_like
very convenient way,it is a very convenient way ,not_role_like
little things that,it is the little things that ,not_role_like
little brighter or,it was a little brighter or ,non_role_pattern
great addition,echo dot is a great addition to ,technical_term
perfect solution,echo dot was the perfect solution.,not_role_like
perfect holder for,it is the perfect holder for ,non_role_pattern
artificial intelligence person,like having a artificial intelligence person in the ,abstract_non_role
artificial intelligence person,it's like having a artificial intelligence person in the ,abstract_non_role
only music system,echo dot is the only music system ,not_role_like
tradeoff,this is a tradeoff to voice ,not_role_like
second echo dot,this is the second echo dot ,tautology
little confusing,it was a little confusing to ,not_role_like
notification that i,it was a notification that i ,not_role_like
wifi connection not,it was the wifi connection not ,not_role_like
great addition,this is a great addition to ,technical_term
much more proficient,have become a much more proficient ,non_role_pattern
wonderful accessory,this is a wonderful accessory to ,technical_term
bit heavy and,echo dot is a bit heavy and ,not_role_like
super bonus,it is a super bonus.,not_role_like
amazing system,this is an amazing system.,not_role_like
very good product,this is a very good product ,technical_term
special that included,it was a special that included ,not_role_like
hoax but they,it was a hoax but they ,not_role_like
great little unit,echo dot is a great little unit.,not_role_like
gift for my,it was a gift for my ,technical_term
definite sound improvement,it is a definite sound improvement ,technical_term
hifi stereo,like having a hifi stereo ,not_role_like
exceptional,this is an exceptional ,not_role_like
christmas gift for,it was a christmas gift for ,technical_term
huge negative point,this is a huge negative point ,not_role_like
gift from our,echo dot was a gift from our ,technical_term
little bit louder,it was a little bit louder ,non_role_pattern
big plus for,that is a big plus for ,incomplete_phrase_for
case,this is the case.,not_role_like
commodity i was,this was a commodity i was ,not_role_like
great little addition,echo dot is a great little addition ,technical_term
fourth alexa device,this is the fourth alexa device ,tautology
very first smart,this is my very first smart ,not_role_like
good purchase and,it was a good purchase and ,technical_term
product,this is the product to have!,technical_term
best amazon purchse,echo dot is my best amazon purchse ,tautology
way it looks,echo dot is the way it looks ,not_role_like
nice,it is a nice to see ,standalone_adjective
nice feature and,echo dot is a nice feature and ,not_role_like
great choice,it was a great choice.,technical_term
great replacement for,it is a great replacement for ,technical_term
minor issue and,this is a minor issue and ,not_role_like
gift,it was a gift to myself.,technical_term
second one i,this is the second one i ,not_role_like
try at alexa,this was my try at alexa.,tautology
addition,this was an addition to our ,technical_term
breeze,it was a breeze.,not_role_like
fantastic addition,echo dot is a fantastic addition to ,technical_term
drawback is that,that is a drawback is that ,not_role_like
fire tv stick,like having a fire tv stick ,not_role_like
great little device,this is a great little device.,technical_term
great addition,echo dot is a great addition to ,technical_term
latest generation,"echo dot, the latest generation,",technical_term
fun,echo dot is a fun toy for ,not_role_like
great way,echo dot is a great way to ,not_role_like
easiest thing,it was the easiest thing to ,not_role_like
fault that i,it is my fault that i ,not_role_like
only one that,alexa is the only one that ,not_role_like
third one,this is our third one.,not_role_like
easiest echo i,this was the easiest echo i ,tautology
ridiculous policy,this is a ridiculous policy.,not_role_like
second device and,this is my second device and ,technical_term
great gift for,echo dot is a great gift for ,technical_term
case,this is a case.,not_role_like
amazon echo dot,this was an amazon echo dot ,tautology
sturdy product,it seems like a sturdy product.,technical_term
little confusing but,that was a little confusing but ,not_role_like
inexpensive way,echo dot is an inexpensive way to ,not_role_like
minor issue that,this is a minor issue that ,not_role_like
bug that amazon,it is a bug that amazon ,tautology
first purchase in,it is our first purchase in ,technical_term
gift and once,this was a gift and once ,technical_term
perfect,that is a perfect!,standalone_adjective
complete prude,alexa is a complete prude!,not_role_like
great device unless,echo dot is a great device unless ,technical_term
device using alexa,like having a device using alexa ,tautology
great replacement for,this is a great replacement for ,technical_term
most attractive echo,this is a most attractive echo ,tautology
echo dot in,like having my echo dot in ,tautology
fifth one sent,this is my fifth one sent ,non_role_pattern
great,it is a great ,standalone_adjective
second echo dot,this is my second echo dot.,tautology
nice thing,echo dot is a nice thing to ,not_role_like
little hard,it was a little hard to ,not_role_like
nice,alexa is a nice tool for ,standalone_adjective
problem and released,this was a problem and released ,not_role_like
third echo dot,this is my third echo dot.,tautology
gift and we,echo dot was a gift and we ,technical_term
lot,it is a lot of fun,abstract_non_role
christmas gift and,this was a christmas gift and ,technical_term
best so far,echo dot is the best so far.,not_role_like
excellent device,this is an excellent device to ,technical_term
excellent,it is an excellent ,standalone_adjective
nice option for,this is a nice option for ,technical_term
second echo dot,this is the second echo dot ,tautology
sound quality has,echo dot is the sound quality has ,not_role_like
lot,echo dot is a lot of fun.,abstract_non_role
nice gift for,this is a nice gift for ,technical_term
affordable sound improvement,it is an affordable sound improvement ,technical_term
awesome product which,this is an awesome product which ,technical_term
amazing improvement,this was an amazing improvement.,technical_term
little smaller than,it is a little smaller than ,not_role_like
smartest,alexa is the smartest of all ,not_role_like
bff,alexa is my bff in my ,not_role_like
easy plug and,it is an easy plug and ,not_role_like
first echo and,this is my first echo and ,tautology
best investment,echo dot is the best investment ,product_description
smallest amazon smart,echo dot is the smallest amazon smart ,tautology
great help,echo dot is a great help to ,not_role_like
great assistant for,echo dot is really a great assistant for ,incomplete_phrase_for
enjoyable entertainment resource,echo dot is an enjoyable entertainment resource ,not_role_like
thumbnail,it is a thumbnail ,not_role_like
upgrade over the,this is an upgrade over the ,technical_term
pain,it is a pain ,not_role_like
great choice,it was a great choice.,technical_term
wonderful device,this is a wonderful device.,technical_term
nice tech,echo dot is a nice tech toy!,not_role_like
gift,it was a gift.,technical_term
fun and convenient,echo dot is a fun and convenient ,non_role_pattern
option,that was an option.,technical_term
go,echo dot is my go to music ,abstract_non_role
great,it is a great ,standalone_adjective
glorified bluetooth speaker,it is basically a glorified bluetooth speaker ,technical_term
first echo dot,this was our first echo dot.,tautology
must have for,this is a must have for ,incomplete_phrase_for
first review,this is the first review ,not_role_like
best,echo dot is the best.,standalone_adjective
excellent product i,this is an excellent product i ,technical_term
understanding that we,it is my understanding that we ,not_role_like
little smaller that,it was a little smaller that ,not_role_like
second echo dot,this is my second echo dot.,tautology
best way,this is the best way to ,not_role_like
second echo dot,this is my second echo dot.,tautology
house warming gift,it was a house warming gift.,technical_term
little big for,it is a little big for ,incomplete_phrase_for
part,has become a part of my ,not_role_like
fun little,echo dot is a fun little toy.,not_role_like
very cool product,this is a very cool product ,technical_term
helping hand,like having a helping hand when ,not_role_like
helping hand,it's like having a helping hand when ,not_role_like
little quiet so,it was a little quiet so ,not_role_like
must have for,this is a must have for ,incomplete_phrase_for
echo,"echo dot, an echo,",tautology
first amazon dot,this is my first amazon dot ,tautology
best device,this is the best device ,technical_term
nice smart gadget,echo dot  is a nice smart gadget ,technical_term
powerhouse for such,echo dot  is a powerhouse for such ,not_role_like
widely broadcast complaint,this is a widely broadcast complaint ,literal_function
speaker or firmware,this is a speaker or firmware ,technical_term
second ggmm product,this is my second ggmm product.,technical_term
gift so we,it was a gift so we ,technical_term
easy fix for,it was an easy fix for ,incomplete_phrase_for
must buy,this is a must buy to ,technical_term
known problem and,this is a known problem and ,not_role_like
delight,it is a delight to listen ,not_role_like
prime day purchase,this was a prime day purchase ,technical_term
second purchase,this is my second purchase.,technical_term
second echo,this is my second echo ,tautology
second echo dot,this is my second echo dot.,tautology
downfall,that is a downfall!,not_role_like
echo dot but,like having an echo dot but ,tautology
fun thing,echo dot is a fun thing to ,not_role_like
matter,this is a matter of ergonomics ,abstract_non_role
excellent value at,this is an excellent value at ,literal_function
christmas gift from,this was a christmas gift from ,technical_term
selling machine,it is a selling machine.,technical_term
must have i,it is a must have i ,not_role_like
second one,this is my second one.,not_role_like
router even though,it was my router even though ,not_role_like
best product ever,it is the best product ever ,technical_term
bomb,alexa is the bomb!,not_role_like
best present,it was the best present.,technical_term
great,echo dot is a great ,standalone_adjective
super deal through,it was a super deal through ,technical_term
gift at christmas,it was a gift at christmas ,technical_term
nice unit that,this is a nice unit that ,not_role_like
nice little speaker,this is a nice little speaker ,technical_term
gift,this was a gift to me ,technical_term
lot better than,echo dot is a lot better than ,non_role_pattern
big gap in,this is a big gap in ,not_role_like
downgrade,echo dot is a downgrade in almost ,technical_term
great product,alexa is a great product.,technical_term
best gift ever,it is the best gift ever,technical_term
great,this is a great ,standalone_adjective
great device,echo dot is a great device to ,technical_term
great addition,it was a great addition to ,technical_term
second person in,like having a second person in ,not_role_like
second person in,its like having a second person in ,not_role_like
very positive customer,this was a very positive customer ,non_role_pattern
third set,this is my third set of ,not_role_like
splurge for me,this was a splurge for me.,not_role_like
excellent product,echo dot is an excellent product to ,technical_term
great item but,echo dot is a great item but ,not_role_like
good option for,this is a good option for ,technical_term
great addition,echo dot is a great addition.,technical_term
second echo dot,this is my second echo dot.,tautology
awesome technology and,echo dot is an awesome technology and ,not_role_like
best way,this is the best way to ,not_role_like
amazing little gizmo,echo dot is an amazing little gizmo.,not_role_like
steal for the,echo dot is a steal for the ,not_role_like
great addition,echo dot is a great addition to ,technical_term
affordable way,echo dot is an affordable way to ,not_role_like
gift from my,it was a gift from my ,technical_term
game changer for,echo dot is a game changer for ,incomplete_phrase_for
gift,it was a gift.,technical_term
pretty good reason,that seems like a pretty good reason ,not_role_like
great product,it was a great product.,technical_term
second echo dot,this is the second echo dot ,tautology
best thing i,it is the best thing i ,not_role_like
fun,echo dot is a fun toy.,not_role_like
great gift,this was a great gift!,technical_term
great buy,this is a great buy!,technical_term
excellent product,echo dot is an excellent product.,technical_term
waste,it was a waste of money.,abstract_non_role
best,echo dot is the best ,standalone_adjective
little pricey for,it was a little pricey for ,incomplete_phrase_for
new bestfriend,alexa is my new bestfriend ,not_role_like
very first alexa,this is my very first alexa ,tautology
great device and,it is a great device and ,technical_term
really big upgrade,it is a really big upgrade ,technical_term
wonderful piece,echo dot is a wonderful piece of ,not_role_like
third one,this is the third one ,not_role_like
minus is,that is a minus is when ,not_role_like
great universal remote,echo dot is a great universal remote ,product_description
lot,echo dot is a lot of fun ,abstract_non_role
weird dream so,it was a weird dream so ,not_role_like
glorious fuckin dream,it was a glorious fuckin dream ,not_role_like
game grumps darude,it was the game grumps darude ,not_role_like
small amount,it was a small amount of ,not_role_like
smart speaker,it feels like a smart speaker offers ,technical_term
sort,this was a sort of prank ,not_role_like
weird incident,it was a weird incident.,non_role_pattern
microphone,it was a microphone.,not_role_like
key function for,this is a key function for ,incomplete_phrase_for
response i got,this is the response i got ,not_role_like
common occurrence for,this is a common occurrence for ,incomplete_phrase_for
first time,this is the first time ,not_role_like
first time,this is the first time ,not_role_like
space,this is the space ,not_role_like
cause,that is the cause of the ,not_role_like
same as,alexa  is the same as ,not_role_like
question is,"that, my question is,",not_role_like
old hard plastic,this is the old hard plastic ,not_role_like
message i get,this is the message i get ,not_role_like
limited edition jack,this is the limited edition jack ,not_role_like
big miss for,this is a big miss for ,technical_term
only reason i,that was the only reason i ,not_role_like
snitch and very,alexa is a snitch and very ,not_role_like
great video,this is a great video!,not_role_like
speaker, become a speaker,technical_term
app lol,alexa is an app lol,not_role_like
valuable behavioral,it is a valuable behavioral tool ,not_role_like
useful feature in,this was a useful feature in ,not_role_like
